<?xml version="1.0" encoding="UTF-8"?>
<!--
  #%L
  MuleSoft Training - Anypoint Platform Development: Level 2
  %%
  Copyright (C) 2019 - 2023 MuleSoft, Inc. All rights reserved. http://www.mulesoft.com
  %%
  The software in this package is published under the terms of the
  Creative Commons Attribution-NonCommercial-NoDerivatives 4.0 International Public License,
  a copy of which has been included with this distribution in the LICENSE.txt file.
  #L%
  -->
<mule xmlns="http://www.mulesoft.org/schema/mule/core" xmlns:anypoint-mq="http://www.mulesoft.org/schema/mule/anypoint-mq" xmlns:core="http://www.mulesoft.org/schema/mule/core" xmlns:os="http://www.mulesoft.org/schema/mule/os" xmlns:ee="http://www.mulesoft.org/schema/mule/ee/core" xmlns:api-gateway="http://www.mulesoft.org/schema/mule/api-gateway" xmlns:tls="http://www.mulesoft.org/schema/mule/tls" xmlns:secure-properties="http://www.mulesoft.org/schema/mule/secure-properties" xmlns:doc="http://www.mulesoft.org/schema/mule/documentation" xmlns:apikit-soap="http://www.mulesoft.org/schema/mule/apikit-soap" xmlns:http="http://www.mulesoft.org/schema/mule/http" xmlns:validation="http://www.mulesoft.org/schema/mule/validation" xmlns:xsi="http://www.w3.org/2001/XMLSchema-instance" xsi:schemaLocation="http://www.mulesoft.org/schema/mule/anypoint-mq http://www.mulesoft.org/schema/mule/anypoint-mq/current/mule-anypoint-mq.xsd  http://www.mulesoft.org/schema/mule/core http://www.mulesoft.org/schema/mule/core/current/mule.xsd   http://www.mulesoft.org/schema/mule/ee/core http://www.mulesoft.org/schema/mule/ee/core/current/mule-ee.xsd   http://www.mulesoft.org/schema/mule/http http://www.mulesoft.org/schema/mule/http/current/mule-http.xsd  http://www.mulesoft.org/schema/mule/apikit-soap http://www.mulesoft.org/schema/mule/apikit-soap/current/mule-apikit-soap.xsd   http://www.mulesoft.org/schema/mule/secure-properties http://www.mulesoft.org/schema/mule/secure-properties/current/mule-secure-properties.xsd  http://www.mulesoft.org/schema/mule/tls http://www.mulesoft.org/schema/mule/tls/current/mule-tls.xsd  http://www.mulesoft.org/schema/mule/api-gateway http://www.mulesoft.org/schema/mule/api-gateway/current/mule-api-gateway.xsd    http://www.mulesoft.org/schema/mule/validation http://www.mulesoft.org/schema/mule/validation/current/mule-validation.xsd  http://www.mulesoft.org/schema/mule/os http://www.mulesoft.org/schema/mule/os/current/mule-os.xsd">
  <global-property name="env" value="dev" doc:name="Default env to dev"/>
  <!-- 1st def of a property is preserved, so env-dependent takes priority over env-independent -->
  <configuration-properties file="${env}-properties.yaml" doc:name="Env Config Props"/>
  <secure-properties:config file="${env}-secure-properties.yaml" key="${encrypt.key}" name="secureEnvPropsConfig" doc:name="Secure Env Config Props">
    <secure-properties:encrypt algorithm="Blowfish"/>
  </secure-properties:config>
  <configuration-properties file="properties.yaml" doc:name="Config Props"/>
  <tls:context name="apiTLSContext" doc:name="TLS Context">
    <tls:key-store type="${tls.keystore.type}" path="${tls.keystore.path}" password="${secure::tls.keystore.password}" keyPassword="${secure::tls.keystore.keyPassword}" alias="${tls.keystore.alias}"/>
  </tls:context>
  <http:listener-config name="apiHttpListenerConfig">
    <http:listener-connection host="0.0.0.0" protocol="HTTPS" port="${https.port}" tlsContext="apiTLSContext"/>
  </http:listener-config>
  <apikit-soap:config name="soapkitConfig" service="${api.wsdlService}" port="${api.wsdlPort}" wsdlLocation="${api.wsdl}" address="${api.ws.address}"/>
  <api-gateway:autodiscovery apiId="${api.id}" flowRef="api-main" doc:name="API Autodiscovery"/>
  <os:config name="objectStoreConfig" doc:name="ObjectStore Config"/>
  <os:object-store name="checkInsOS" persistent="true" maxEntries="10000" entryTtl="2" entryTtlUnit="DAYS" expirationIntervalUnit="HOURS" config-ref="objectStoreConfig" doc:name="Object store"/>
  <os:object-store name="callbacksOS" persistent="true" maxEntries="100" entryTtl="2" entryTtlUnit="DAYS" expirationIntervalUnit="HOURS" config-ref="objectStoreConfig" doc:name="Object store"/>
  <anypoint-mq:config name="amqConfig" doc:name="Anypoint MQ Config">
    <anypoint-mq:connection clientId="${secure::anypoint.mq.client_id}" clientSecret="${secure::anypoint.mq.client_secret}" url="${anypoint.mq.url}"/>
  </anypoint-mq:config>
</mule>
