<?xml version="1.0" encoding="UTF-8"?>
<!--
  #%L
  MuleSoft Training - Anypoint Platform Development: Level 2
  %%
  Copyright (C) 2019 - 2023 MuleSoft, Inc. All rights reserved. http://www.mulesoft.com
  %%
  The software in this package is published under the terms of the
  Creative Commons Attribution-NonCommercial-NoDerivatives 4.0 International Public License,
  a copy of which has been included with this distribution in the LICENSE.txt file.
  #L%
  -->
<mule xmlns="http://www.mulesoft.org/schema/mule/core" xmlns:validation="http://www.mulesoft.org/schema/mule/validation" xmlns:resilience="http://www.mulesoft.org/schema/mule/resilience" xmlns:core="http://www.mulesoft.org/schema/mule/core" xmlns:doc="http://www.mulesoft.org/schema/mule/documentation" xmlns:xsi="http://www.w3.org/2001/XMLSchema-instance" xsi:schemaLocation="http://www.mulesoft.org/schema/mule/validation http://www.mulesoft.org/schema/mule/validation/current/mule-validation.xsd      http://www.mulesoft.org/schema/mule/core http://www.mulesoft.org/schema/mule/core/current/mule.xsd    http://www.mulesoft.org/schema/mule/resilience http://www.mulesoft.org/schema/mule/resilience/current/mule-resilience.xsd">
  <!--
  in dev and test (standalone deployment):
  curl -ik https://localhost:8081/alive
  curl -ik https://localhost:8081/ready
  -->
  <import file="health-common.xml" doc:name="Import health-common.xml"/>
  <sub-flow name="check-all-dependencies-are-alive">
    <scatter-gather doc:name="Scatter-Gather">
      <route>
        <resilience:is-endpoint-alive url="${flights.alive}"/>
      </route>
      <route>
        <resilience:is-endpoint-alive url="${anypoint.mq.url}" successStatusCodes="400..499"/>
      </route>
    </scatter-gather>
    <validation:is-false expression="#[payload..payload contains false]"/>
  </sub-flow>
</mule>
