<?xml version="1.0" encoding="UTF-8"?>
<!--
  #%L
  MuleSoft Training - Anypoint Platform Development: Level 2
  %%
  Copyright (C) 2019 - 2023 MuleSoft, Inc. All rights reserved. http://www.mulesoft.com
  %%
  The software in this package is published under the terms of the
  Creative Commons Attribution-NonCommercial-NoDerivatives 4.0 International Public License,
  a copy of which has been included with this distribution in the LICENSE.txt file.
  #L%
  -->
<types:mule xmlns:types="http://www.mulesoft.org/schema/mule/types">
  <types:catalog>
    <types:type name="checkIn" format="json">
      <types:shape format="weave" example="examples/checkIn.json"><![CDATA[%dw 2.0
type checkIn = {|
  lastName: String, 
  numBags: Number {"typeId": "int"}
|} {"MetadataFormat": "json",
"example": "{\"lastName\":\"Smith\",\"numBags\":2}"}

]]></types:shape>
    </types:type>
    <types:type name="fms-get-ticket-response" format="json">
      <types:shape format="weave" example="examples/flight-management-sapi-get-ticket-by-pnr-response.json"><![CDATA[%dw 2.0

type fms_get_ticket_response = {|
  ticketHolderLastName: String, 
  ticketHolderPassPortNo: String, 
  origin: String, 
  destination: String, 
  flightDate: String, 
  flightNo: String, 
  boarding: String, 
  class: String, 
  depart: String, 
  gate: String, 
  seat: String
|} {"example": "{\\\"ticketHolderLastName\\\":\\\"Mule\\\",\\\"ticketHolderPassPortNo\\\":\\\"P3JR0BZ2OY\\\",\\\"origin\\\":\\\"SFO\\\",\\\"destination\\\":\\\"LAX\\\",\\\"flightDate\\\":\\\"2019-02-05\\\",\\\"flightNo\\\":\\\"ANY6829\\\",\\\"boarding\\\":\\\"05:15:00\\\",\\\"class\\\":\\\"Economy\\\",\\\"depart\\\":\\\"06:30:00\\\",\\\"gate\\\":\\\"4A\\\",\\\"seat\\\":\\\"16C\\\"}"}

]]></types:shape>
    </types:type>
    <types:type name="fms-check-in-request" format="json">
      <types:shape format="weave" example="examples/check-in-by-pnr-request.json"><![CDATA[%dw 2.0

type fms_check_in_request = {|
  lastName: String, 
  numBags: Number {"typeId": "int"}
|} {"example": "{\\\"lastName\\\":\\\"Mule\\\",\\\"numBags\\\":2}"}

]]></types:shape>
    </types:type>
    <types:type name="fms-check-in-response" format="json">
      <types:shape format="weave" example="examples/flight-management-sapi-update-checkins-by-pnr-response.json"><![CDATA[%dw 2.0

type fms_check_in_response = {| message: String |} {"example": "{\\\"message\\\":\\\"Passenger check-in successful.\\\"}"}

]]></types:shape>
    </types:type>
    <types:type name="ticket" format="json">
      <types:shape format="weave" example="examples/flight-management-sapi-get-ticket-by-pnr-response.json"><![CDATA[%dw 2.0

type ticket = {|
  ticketHolderLastName: String, 
  ticketHolderPassPortNo: String, 
  origin: String, 
  destination: String, 
  flightDate: String, 
  flightNo: String, 
  boarding: String, 
  class: String, 
  depart: String, 
  gate: String, 
  seat: String
|} {"example": "{\\\"ticketHolderLastName\\\":\\\"Mule\\\",\\\"ticketHolderPassPortNo\\\":\\\"P3JR0BZ2OY\\\",\\\"origin\\\":\\\"SFO\\\",\\\"destination\\\":\\\"LAX\\\",\\\"flightDate\\\":\\\"2019-02-05\\\",\\\"flightNo\\\":\\\"ANY6829\\\",\\\"boarding\\\":\\\"05:15:00\\\",\\\"class\\\":\\\"Economy\\\",\\\"depart\\\":\\\"06:30:00\\\",\\\"gate\\\":\\\"4A\\\",\\\"seat\\\":\\\"16C\\\"}"}

]]></types:shape>
    </types:type>
    <types:type name="PNR" format="java">
      <types:shape format="raml"><![CDATA[#%RAML 1.0 DataType
type: string]]></types:shape>
    </types:type>
    <types:type name="auto_37c2ae50-285a-49f8-ac37-6bfbc162d9e9_Input-Payload" format="json">
      <types:shape format="weave" example="examples/checkIn.json" autogeneratedOrigin="0fab73fb-da93-4333-aa6f-d40c09011a36"><![CDATA[%dw 2.0

type auto_37c2ae50_285a_49f8_ac37_6bfbc162d9e9_Input_Payload = {|
  lastName: String, 
  numBags: Number {"typeId": "int"}
|} {"example": "{\"lastName\":\"Smith\",\"numBags\":2}"}

]]></types:shape>
    </types:type>
    <types:type name="auto_37c2ae50-285a-49f8-ac37-6bfbc162d9e9_Input-Variables-checkIn" format="java">
      <types:shape format="weave" example="weave/autogenerated/37c2ae50-285a-49f8-ac37-6bfbc162d9e9/Input-Variables-checkIn.wev" autogeneratedOrigin="0fab73fb-da93-4333-aa6f-d40c09011a36"><![CDATA[%dw 2.0

type auto_37c2ae50_285a_49f8_ac37_6bfbc162d9e9_Input_Variables_checkIn = {|
  lastName: String, 
  numBags: Number {"typeId": "int"}
|} {"example": "{\"lastName\":\"Smith\",\"numBags\":2}"}

]]></types:shape>
    </types:type>
    <types:type name="auto_37c2ae50-285a-49f8-ac37-6bfbc162d9e9_Input-Variables-pnr" format="java">
      <types:shape format="raml" autogeneratedOrigin="0fab73fb-da93-4333-aa6f-d40c09011a36"><![CDATA[#%RAML 1.0 DataType
type: string]]></types:shape>
    </types:type>
    <types:type name="auto_37c2ae50-285a-49f8-ac37-6bfbc162d9e9_Output-Payload" format="json">
      <types:shape format="weave" example="examples/checkIn.json" autogeneratedOrigin="0fab73fb-da93-4333-aa6f-d40c09011a36"><![CDATA[%dw 2.0

type auto_37c2ae50_285a_49f8_ac37_6bfbc162d9e9_Output_Payload = {|
  lastName: String, 
  numBags: Number {"typeId": "int"}
|} {"example": "{\"lastName\":\"Smith\",\"numBags\":2}"}

]]></types:shape>
    </types:type>
    <types:type name="auto_37c2ae50-285a-49f8-ac37-6bfbc162d9e9_Output-Variables-checkIn" format="java">
      <types:shape format="weave" example="weave/autogenerated/37c2ae50-285a-49f8-ac37-6bfbc162d9e9/Output-Variables-checkIn.wev" autogeneratedOrigin="0fab73fb-da93-4333-aa6f-d40c09011a36"><![CDATA[%dw 2.0

type auto_37c2ae50_285a_49f8_ac37_6bfbc162d9e9_Output_Variables_checkIn = {|
  lastName: String, 
  numBags: Number {"typeId": "int"}
|} {"example": "{\"lastName\":\"Smith\",\"numBags\":2}"}

]]></types:shape>
    </types:type>
    <types:type name="auto_37c2ae50-285a-49f8-ac37-6bfbc162d9e9_Output-Variables-ticket" format="json">
      <types:shape format="weave" example="examples/flight-management-sapi-get-ticket-by-pnr-response.json" autogeneratedOrigin="0fab73fb-da93-4333-aa6f-d40c09011a36"><![CDATA[%dw 2.0

type auto_37c2ae50_285a_49f8_ac37_6bfbc162d9e9_Output_Variables_ticket = {|
  ticketHolderLastName: String, 
  ticketHolderPassPortNo: String, 
  origin: String, 
  destination: String, 
  flightDate: String, 
  flightNo: String, 
  boarding: String, 
  class: String, 
  depart: String, 
  gate: String, 
  seat: String
|} {"example": "{\\\"ticketHolderLastName\\\":\\\"Mule\\\",\\\"ticketHolderPassPortNo\\\":\\\"P3JR0BZ2OY\\\",\\\"origin\\\":\\\"SFO\\\",\\\"destination\\\":\\\"LAX\\\",\\\"flightDate\\\":\\\"2019-02-05\\\",\\\"flightNo\\\":\\\"ANY6829\\\",\\\"boarding\\\":\\\"05:15:00\\\",\\\"class\\\":\\\"Economy\\\",\\\"depart\\\":\\\"06:30:00\\\",\\\"gate\\\":\\\"4A\\\",\\\"seat\\\":\\\"16C\\\"}"}

]]></types:shape>
    </types:type>
    <types:type name="auto_37c2ae50-285a-49f8-ac37-6bfbc162d9e9_Output-Variables-passenger" format="json">
      <types:shape format="weave" example="examples/passenger-data-sapi-get-passengers-response.json" autogeneratedOrigin="0fab73fb-da93-4333-aa6f-d40c09011a36"><![CDATA[%dw 2.0

type auto_37c2ae50_285a_49f8_ac37_6bfbc162d9e9_Output_Variables_passenger = {|
  loyaltyNo: String, 
  lastName: String
|} {"example": "{\\\"loyaltyNo\\\":\\\"1576359340\\\",\\\"lastName\\\":\\\"Mule\\\"}"}

]]></types:shape>
    </types:type>
    <types:type name="auto_37c2ae50-285a-49f8-ac37-6bfbc162d9e9_Output-Variables-pnr" format="java">
      <types:shape format="raml" autogeneratedOrigin="0fab73fb-da93-4333-aa6f-d40c09011a36"><![CDATA[#%RAML 1.0 DataType
type: string]]></types:shape>
    </types:type>
    <types:type name="auto_f909cbb5-c8ff-4671-b51f-10967866b560_Input-Payload" format="json">
      <types:shape format="weave" example="examples/checkIn.json" autogeneratedOrigin="44474bb9-1793-4f32-a1e0-ef0cebc9ca27"><![CDATA[%dw 2.0

type auto_f909cbb5_c8ff_4671_b51f_10967866b560_Input_Payload = {|
  lastName: String, 
  numBags: Number {"typeId": "int"}
|} {"example": "{\"lastName\":\"Smith\",\"numBags\":2}"}

]]></types:shape>
    </types:type>
    <types:type name="auto_f909cbb5-c8ff-4671-b51f-10967866b560_Input-Variables-checkIn" format="java">
      <types:shape format="weave" example="weave/autogenerated/f909cbb5-c8ff-4671-b51f-10967866b560/Input-Variables-checkIn.wev" autogeneratedOrigin="44474bb9-1793-4f32-a1e0-ef0cebc9ca27"><![CDATA[%dw 2.0

type auto_f909cbb5_c8ff_4671_b51f_10967866b560_Input_Variables_checkIn = {|
  lastName: String, 
  numBags: Number {"typeId": "int"}
|} {"example": "{\"lastName\":\"Smith\",\"numBags\":2}"}

]]></types:shape>
    </types:type>
    <types:type name="auto_f909cbb5-c8ff-4671-b51f-10967866b560_Input-Variables-ticket" format="json">
      <types:shape format="weave" example="examples/flight-management-sapi-get-ticket-by-pnr-response.json" autogeneratedOrigin="44474bb9-1793-4f32-a1e0-ef0cebc9ca27"><![CDATA[%dw 2.0

type auto_f909cbb5_c8ff_4671_b51f_10967866b560_Input_Variables_ticket = {|
  ticketHolderLastName: String, 
  ticketHolderPassPortNo: String, 
  origin: String, 
  destination: String, 
  flightDate: String, 
  flightNo: String, 
  boarding: String, 
  class: String, 
  depart: String, 
  gate: String, 
  seat: String
|} {"example": "{\\\"ticketHolderLastName\\\":\\\"Mule\\\",\\\"ticketHolderPassPortNo\\\":\\\"P3JR0BZ2OY\\\",\\\"origin\\\":\\\"SFO\\\",\\\"destination\\\":\\\"LAX\\\",\\\"flightDate\\\":\\\"2019-02-05\\\",\\\"flightNo\\\":\\\"ANY6829\\\",\\\"boarding\\\":\\\"05:15:00\\\",\\\"class\\\":\\\"Economy\\\",\\\"depart\\\":\\\"06:30:00\\\",\\\"gate\\\":\\\"4A\\\",\\\"seat\\\":\\\"16C\\\"}"}

]]></types:shape>
    </types:type>
    <types:type name="auto_f909cbb5-c8ff-4671-b51f-10967866b560_Input-Variables-pnr" format="java">
      <types:shape format="raml" autogeneratedOrigin="44474bb9-1793-4f32-a1e0-ef0cebc9ca27"><![CDATA[#%RAML 1.0 DataType
type: string]]></types:shape>
    </types:type>
    <types:type name="auto_f909cbb5-c8ff-4671-b51f-10967866b560_Output-Payload" format="json">
      <types:shape format="weave" example="examples/checkIn.json" autogeneratedOrigin="44474bb9-1793-4f32-a1e0-ef0cebc9ca27"><![CDATA[%dw 2.0

type auto_f909cbb5_c8ff_4671_b51f_10967866b560_Output_Payload = {|
  lastName: String, 
  numBags: Number {"typeId": "int"}
|} {"example": "{\"lastName\":\"Smith\",\"numBags\":2}"}

]]></types:shape>
    </types:type>
    <types:type name="auto_f909cbb5-c8ff-4671-b51f-10967866b560_Output-Variables-checkIn" format="java">
      <types:shape format="weave" example="weave/autogenerated/f909cbb5-c8ff-4671-b51f-10967866b560/Output-Variables-checkIn.wev" autogeneratedOrigin="44474bb9-1793-4f32-a1e0-ef0cebc9ca27"><![CDATA[%dw 2.0

type auto_f909cbb5_c8ff_4671_b51f_10967866b560_Output_Variables_checkIn = {|
  lastName: String, 
  numBags: Number {"typeId": "int"}
|} {"example": "{\"lastName\":\"Smith\",\"numBags\":2}"}

]]></types:shape>
    </types:type>
    <types:type name="auto_f909cbb5-c8ff-4671-b51f-10967866b560_Output-Variables-ticket" format="json">
      <types:shape format="weave" example="examples/flight-management-sapi-get-ticket-by-pnr-response.json" autogeneratedOrigin="44474bb9-1793-4f32-a1e0-ef0cebc9ca27"><![CDATA[%dw 2.0

type auto_f909cbb5_c8ff_4671_b51f_10967866b560_Output_Variables_ticket = {|
  ticketHolderLastName: String, 
  ticketHolderPassPortNo: String, 
  origin: String, 
  destination: String, 
  flightDate: String, 
  flightNo: String, 
  boarding: String, 
  class: String, 
  depart: String, 
  gate: String, 
  seat: String
|} {"example": "{\\\"ticketHolderLastName\\\":\\\"Mule\\\",\\\"ticketHolderPassPortNo\\\":\\\"P3JR0BZ2OY\\\",\\\"origin\\\":\\\"SFO\\\",\\\"destination\\\":\\\"LAX\\\",\\\"flightDate\\\":\\\"2019-02-05\\\",\\\"flightNo\\\":\\\"ANY6829\\\",\\\"boarding\\\":\\\"05:15:00\\\",\\\"class\\\":\\\"Economy\\\",\\\"depart\\\":\\\"06:30:00\\\",\\\"gate\\\":\\\"4A\\\",\\\"seat\\\":\\\"16C\\\"}"}

]]></types:shape>
    </types:type>
    <types:type name="auto_f909cbb5-c8ff-4671-b51f-10967866b560_Output-Variables-passenger" format="json">
      <types:shape format="weave" example="examples/passenger-data-sapi-get-passengers-response.json" autogeneratedOrigin="44474bb9-1793-4f32-a1e0-ef0cebc9ca27"><![CDATA[%dw 2.0

type auto_f909cbb5_c8ff_4671_b51f_10967866b560_Output_Variables_passenger = {|
  loyaltyNo: String, 
  lastName: String
|} {"example": "{\\\"loyaltyNo\\\":\\\"1576359340\\\",\\\"lastName\\\":\\\"Mule\\\"}"}

]]></types:shape>
    </types:type>
    <types:type name="auto_f909cbb5-c8ff-4671-b51f-10967866b560_Output-Variables-pnr" format="java">
      <types:shape format="raml" autogeneratedOrigin="44474bb9-1793-4f32-a1e0-ef0cebc9ca27"><![CDATA[#%RAML 1.0 DataType
type: string]]></types:shape>
    </types:type>
    <types:type name="auto_d771a791-3091-4e6b-96e8-5a40cf1dffb3_Input-Payload" format="json">
      <types:shape format="weave" example="examples/checkIn.json" autogeneratedOrigin="f20a646d-30f3-4820-adb7-a27037fd5488"><![CDATA[%dw 2.0

type auto_d771a791_3091_4e6b_96e8_5a40cf1dffb3_Input_Payload = {|
  lastName: String, 
  numBags: Number {"typeId": "int"}
|} {"example": "{\"lastName\":\"Smith\",\"numBags\":2}"}

]]></types:shape>
    </types:type>
    <types:type name="auto_d771a791-3091-4e6b-96e8-5a40cf1dffb3_Input-Variables-checkIn" format="java">
      <types:shape format="weave" example="weave/autogenerated/d771a791-3091-4e6b-96e8-5a40cf1dffb3/Input-Variables-checkIn.wev" autogeneratedOrigin="f20a646d-30f3-4820-adb7-a27037fd5488"><![CDATA[%dw 2.0

type auto_d771a791_3091_4e6b_96e8_5a40cf1dffb3_Input_Variables_checkIn = {|
  lastName: String, 
  numBags: Number {"typeId": "int"}
|} {"example": "{\"lastName\":\"Smith\",\"numBags\":2}"}

]]></types:shape>
    </types:type>
    <types:type name="auto_d771a791-3091-4e6b-96e8-5a40cf1dffb3_Input-Variables-pnr" format="java">
      <types:shape format="raml" autogeneratedOrigin="f20a646d-30f3-4820-adb7-a27037fd5488"><![CDATA[#%RAML 1.0 DataType
type: string]]></types:shape>
    </types:type>
    <types:type name="auto_d771a791-3091-4e6b-96e8-5a40cf1dffb3_Output-Payload" format="json">
      <types:shape format="weave" example="examples/checkIn.json" autogeneratedOrigin="f20a646d-30f3-4820-adb7-a27037fd5488"><![CDATA[%dw 2.0

type auto_d771a791_3091_4e6b_96e8_5a40cf1dffb3_Output_Payload = {|
  lastName: String, 
  numBags: Number {"typeId": "int"}
|} {"example": "{\"lastName\":\"Smith\",\"numBags\":2}"}

]]></types:shape>
    </types:type>
    <types:type name="auto_d771a791-3091-4e6b-96e8-5a40cf1dffb3_Output-Variables-checkIn" format="java">
      <types:shape format="weave" example="weave/autogenerated/d771a791-3091-4e6b-96e8-5a40cf1dffb3/Output-Variables-checkIn.wev" autogeneratedOrigin="f20a646d-30f3-4820-adb7-a27037fd5488"><![CDATA[%dw 2.0

type auto_d771a791_3091_4e6b_96e8_5a40cf1dffb3_Output_Variables_checkIn = {|
  lastName: String, 
  numBags: Number {"typeId": "int"}
|} {"example": "{\"lastName\":\"Smith\",\"numBags\":2}"}

]]></types:shape>
    </types:type>
    <types:type name="auto_d771a791-3091-4e6b-96e8-5a40cf1dffb3_Output-Variables-ticket" format="json">
      <types:shape format="weave" example="examples/flight-management-sapi-get-ticket-by-pnr-response.json" autogeneratedOrigin="f20a646d-30f3-4820-adb7-a27037fd5488"><![CDATA[%dw 2.0

type auto_d771a791_3091_4e6b_96e8_5a40cf1dffb3_Output_Variables_ticket = {|
  ticketHolderLastName: String, 
  ticketHolderPassPortNo: String, 
  origin: String, 
  destination: String, 
  flightDate: String, 
  flightNo: String, 
  boarding: String, 
  class: String, 
  depart: String, 
  gate: String, 
  seat: String
|} {"example": "{\\\"ticketHolderLastName\\\":\\\"Mule\\\",\\\"ticketHolderPassPortNo\\\":\\\"P3JR0BZ2OY\\\",\\\"origin\\\":\\\"SFO\\\",\\\"destination\\\":\\\"LAX\\\",\\\"flightDate\\\":\\\"2019-02-05\\\",\\\"flightNo\\\":\\\"ANY6829\\\",\\\"boarding\\\":\\\"05:15:00\\\",\\\"class\\\":\\\"Economy\\\",\\\"depart\\\":\\\"06:30:00\\\",\\\"gate\\\":\\\"4A\\\",\\\"seat\\\":\\\"16C\\\"}"}

]]></types:shape>
    </types:type>
    <types:type name="auto_d771a791-3091-4e6b-96e8-5a40cf1dffb3_Output-Variables-pnr" format="java">
      <types:shape format="raml" autogeneratedOrigin="f20a646d-30f3-4820-adb7-a27037fd5488"><![CDATA[#%RAML 1.0 DataType
type: string]]></types:shape>
    </types:type>
    <types:type name="flightCancelRequest" format="xml">
      <types:example format="xml" element="CancellationNotification" location="examples/flightCancelRequest.xml"/>
    </types:type>
    <types:type name="flightCancelledEvent" format="json">
      <types:shape format="weave" example="examples/flightCancelledEvent.json"><![CDATA[%dw 2.0

type flightCancelledEvent = {|
  pnr: String, 
  lastNameOfPassenger: String
|} {"example": "{\\\"pnr\\\":\\\"RW4TAB\\\",\\\"lastNameOfPassenger\\\":\\\"Smith\\\"}"}

]]></types:shape>
    </types:type>
  </types:catalog>
  <types:enrichment select="#f54a0523-99a9-4369-a399-8fb8d0e3938a">
    <types:processor-declaration>
      <types:input-event>
        <types:message>
          <types:payload type="checkIn"/>
        </types:message>
      </types:input-event>
    </types:processor-declaration>
  </types:enrichment>
  <types:enrichment select="#2aaf810a-33e3-476d-9080-28ce3465dc2a">
    <types:processor-declaration>
      <types:output-event>
        <types:message>
          <types:payload type="fms-get-ticket-response"/>
        </types:message>
      </types:output-event>
    </types:processor-declaration>
  </types:enrichment>
  <types:enrichment select="#f7bfb40c-badd-43b9-9caf-d9603fbc1fee">
    <types:processor-declaration>
      <types:input-event>
        <types:message>
          <types:payload type="fms-check-in-request"/>
        </types:message>
      </types:input-event>
    </types:processor-declaration>
  </types:enrichment>
  <types:enrichment select="#b2dd65b6-654a-4317-8493-7358765432d6">
    <types:processor-declaration>
      <types:input-event>
        <types:message>
          <types:payload type="checkIn"/>
        </types:message>
        <types:variables>
          <types:variable name="pnr" type="PNR"/>
        </types:variables>
      </types:input-event>
    </types:processor-declaration>
  </types:enrichment>
  <types:enrichment select="#2c970416-ba19-4430-972e-e57fadf75195">
    <types:processor-declaration>
      <types:output-event>
        <types:variables>
          <types:variable name="ticket" type="ticket"/>
        </types:variables>
      </types:output-event>
    </types:processor-declaration>
  </types:enrichment>
  <types:enrichment select="#37c2ae50-285a-49f8-ac37-6bfbc162d9e9">
    <types:processor-declaration>
      <types:input-event>
        <types:message>
          <types:payload type="auto_37c2ae50-285a-49f8-ac37-6bfbc162d9e9_Input-Payload"/>
        </types:message>
        <types:variables>
          <types:variable name="checkIn" type="auto_37c2ae50-285a-49f8-ac37-6bfbc162d9e9_Input-Variables-checkIn"/>
          <types:variable name="pnr" type="auto_37c2ae50-285a-49f8-ac37-6bfbc162d9e9_Input-Variables-pnr"/>
        </types:variables>
      </types:input-event>
      <types:output-event>
        <types:message>
          <types:payload type="auto_37c2ae50-285a-49f8-ac37-6bfbc162d9e9_Output-Payload"/>
        </types:message>
        <types:variables>
          <types:variable name="checkIn" type="auto_37c2ae50-285a-49f8-ac37-6bfbc162d9e9_Output-Variables-checkIn"/>
          <types:variable name="ticket" type="auto_37c2ae50-285a-49f8-ac37-6bfbc162d9e9_Output-Variables-ticket"/>
          <types:variable name="passenger" type="auto_37c2ae50-285a-49f8-ac37-6bfbc162d9e9_Output-Variables-passenger"/>
          <types:variable name="pnr" type="auto_37c2ae50-285a-49f8-ac37-6bfbc162d9e9_Output-Variables-pnr"/>
        </types:variables>
      </types:output-event>
    </types:processor-declaration>
  </types:enrichment>
  <types:enrichment select="#f909cbb5-c8ff-4671-b51f-10967866b560">
    <types:processor-declaration>
      <types:input-event>
        <types:message>
          <types:payload type="auto_f909cbb5-c8ff-4671-b51f-10967866b560_Input-Payload"/>
        </types:message>
        <types:variables>
          <types:variable name="checkIn" type="auto_f909cbb5-c8ff-4671-b51f-10967866b560_Input-Variables-checkIn"/>
          <types:variable name="ticket" type="auto_f909cbb5-c8ff-4671-b51f-10967866b560_Input-Variables-ticket"/>
          <types:variable name="pnr" type="auto_f909cbb5-c8ff-4671-b51f-10967866b560_Input-Variables-pnr"/>
        </types:variables>
      </types:input-event>
      <types:output-event>
        <types:message>
          <types:payload type="auto_f909cbb5-c8ff-4671-b51f-10967866b560_Output-Payload"/>
        </types:message>
        <types:variables>
          <types:variable name="checkIn" type="auto_f909cbb5-c8ff-4671-b51f-10967866b560_Output-Variables-checkIn"/>
          <types:variable name="ticket" type="auto_f909cbb5-c8ff-4671-b51f-10967866b560_Output-Variables-ticket"/>
          <types:variable name="passenger" type="auto_f909cbb5-c8ff-4671-b51f-10967866b560_Output-Variables-passenger"/>
          <types:variable name="pnr" type="auto_f909cbb5-c8ff-4671-b51f-10967866b560_Output-Variables-pnr"/>
        </types:variables>
      </types:output-event>
    </types:processor-declaration>
  </types:enrichment>
  <types:enrichment select="#d771a791-3091-4e6b-96e8-5a40cf1dffb3">
    <types:processor-declaration>
      <types:input-event>
        <types:message>
          <types:payload type="auto_d771a791-3091-4e6b-96e8-5a40cf1dffb3_Input-Payload"/>
        </types:message>
        <types:variables>
          <types:variable name="checkIn" type="auto_d771a791-3091-4e6b-96e8-5a40cf1dffb3_Input-Variables-checkIn"/>
          <types:variable name="pnr" type="auto_d771a791-3091-4e6b-96e8-5a40cf1dffb3_Input-Variables-pnr"/>
        </types:variables>
      </types:input-event>
      <types:output-event>
        <types:message>
          <types:payload type="auto_d771a791-3091-4e6b-96e8-5a40cf1dffb3_Output-Payload"/>
        </types:message>
        <types:variables>
          <types:variable name="checkIn" type="auto_d771a791-3091-4e6b-96e8-5a40cf1dffb3_Output-Variables-checkIn"/>
          <types:variable name="ticket" type="auto_d771a791-3091-4e6b-96e8-5a40cf1dffb3_Output-Variables-ticket"/>
          <types:variable name="pnr" type="auto_d771a791-3091-4e6b-96e8-5a40cf1dffb3_Output-Variables-pnr"/>
        </types:variables>
      </types:output-event>
    </types:processor-declaration>
  </types:enrichment>
  <types:enrichment select="#3d1a41da-58b9-4ea0-8162-deddc8d692af">
    <types:processor-declaration>
      <types:input-event>
        <types:variables>
          <types:variable name="checkIn" type="checkIn"/>
          <types:variable name="pnr" type="PNR"/>
        </types:variables>
      </types:input-event>
    </types:processor-declaration>
  </types:enrichment>
  <types:enrichment select="#3330265b-b6e4-4b4e-ae48-0d80ff753f7f">
    <types:processor-declaration>
      <types:input-event>
        <types:message>
          <types:payload type="fms-check-in-request"/>
        </types:message>
      </types:input-event>
    </types:processor-declaration>
  </types:enrichment>
  <types:enrichment select="#1009c474-86c4-46b9-b01b-263df3960f66">
    <types:processor-declaration>
      <types:input-event>
        <types:variables>
          <types:variable name="ticket" type="ticket"/>
        </types:variables>
      </types:input-event>
    </types:processor-declaration>
  </types:enrichment>
  <types:enrichment select="#83d9623f-c15c-489d-bf0f-288660090c60">
    <types:processor-declaration>
      <types:input-event>
        <types:variables>
          <types:variable name="checkIn" type="checkIn"/>
        </types:variables>
      </types:input-event>
    </types:processor-declaration>
  </types:enrichment>
  <types:enrichment select="#5e21b584-266d-47ef-a29c-779d431163c2">
    <types:processor-declaration>
      <types:output-event>
        <types:variables>
          <types:variable name="pnr" type="PNR"/>
        </types:variables>
      </types:output-event>
    </types:processor-declaration>
  </types:enrichment>
  <types:enrichment select="#f2ca900a-ff76-4614-aca6-25aaef24dc39">
    <types:processor-declaration>
      <types:input-event>
        <types:variables>
          <types:variable name="pnr" type="PNR"/>
        </types:variables>
      </types:input-event>
    </types:processor-declaration>
  </types:enrichment>
  <types:enrichment select="#2d8f6c53-da9f-462a-bb4f-d91f5e05128c">
    <types:processor-declaration>
      <types:input-event>
        <types:variables>
          <types:variable name="pnr" type="PNR"/>
        </types:variables>
      </types:input-event>
    </types:processor-declaration>
  </types:enrichment>
  <types:enrichment select="#7c227b8e-bd99-4f48-865e-41cecd4ae0e6">
    <types:processor-declaration>
      <types:input-event>
        <types:message>
          <types:payload type="fms-check-in-request"/>
        </types:message>
        <types:variables>
          <types:variable name="pnr" type="PNR"/>
        </types:variables>
      </types:input-event>
    </types:processor-declaration>
  </types:enrichment>
</types:mule>
