{
	"info": {
		"_postman_id": "9a1cf054-7d3f-4e94-a0fd-dda2bad9ce55",
		"name": "paypal-sapi",
		"schema": "https://schema.getpostman.com/json/collection/v2.1.0/collection.json",
		"_exporter_id": "88351"
	},
	"item": [
		{
			"name": "payment - local",
			"request": {
				"method": "POST",
				"header": [],
				"body": {
					"mode": "raw",
					"raw": "{\"amount\": 12.34, \"description\": \"something\"}",
					"options": {
						"raw": {
							"language": "json"
						}
					}
				},
				"url": {
					"raw": "https://localhost:8081/api/v1/payments",
					"protocol": "https",
					"host": [
						"localhost"
					],
					"port": "8081",
					"path": [
						"api",
						"v1",
						"payments"
					]
				}
			},
			"response": []
		},
		{
			"name": "approval - local",
			"request": {
				"method": "PUT",
				"header": [],
				"body": {
					"mode": "raw",
					"raw": "{\"payerID\": \"STJ8222K092ST\"}",
					"options": {
						"raw": {
							"language": "json"
						}
					}
				},
				"url": {
					"raw": "https://localhost:8081/api/v1/payments/PAY-1B56960729604235TKQQIYVY/approval",
					"protocol": "https",
					"host": [
						"localhost"
					],
					"port": "8081",
					"path": [
						"api",
						"v1",
						"payments",
						"PAY-1B56960729604235TKQQIYVY",
						"approval"
					]
				}
			},
			"response": []
		},
		{
			"name": "ready - local",
			"request": {
				"method": "GET",
				"header": [
					{
						"key": "Content-Type",
						"name": "Content-Type",
						"value": "application/json",
						"type": "text",
						"disabled": true
					}
				],
				"url": {
					"raw": "https://localhost:8081/ready",
					"protocol": "https",
					"host": [
						"localhost"
					],
					"port": "8081",
					"path": [
						"ready"
					]
				}
			},
			"response": []
		},
		{
			"name": "alive - local",
			"request": {
				"method": "GET",
				"header": [
					{
						"key": "Content-Type",
						"name": "Content-Type",
						"value": "application/json",
						"type": "text",
						"disabled": true
					}
				],
				"url": {
					"raw": "https://localhost:8081/alive",
					"protocol": "https",
					"host": [
						"localhost"
					],
					"port": "8081",
					"path": [
						"alive"
					]
				}
			},
			"response": []
		}
	]
}