<?xml version="1.0" encoding="UTF-8"?>
<!--
  #%L
  MuleSoft Training - Anypoint Platform Development: Level 2
  %%
  Copyright (C) 2019 - 2023 MuleSoft, Inc. All rights reserved. http://www.mulesoft.com
  %%
  The software in this package is published under the terms of the
  Creative Commons Attribution-NonCommercial-NoDerivatives 4.0 International Public License,
  a copy of which has been included with this distribution in the LICENSE.txt file.
  #L%
  -->
<mule xmlns="http://www.mulesoft.org/schema/mule/core" xmlns:xsi="http://www.w3.org/2001/XMLSchema-instance" xmlns:http-policy="http://www.mulesoft.org/schema/mule/http-policy" xsi:schemaLocation="http://www.mulesoft.org/schema/mule/core http://www.mulesoft.org/schema/mule/core/current/mule.xsd                                 http://www.mulesoft.org/schema/mule/http-policy http://www.mulesoft.org/schema/mule/http-policy/current/mule-http-policy.xsd">
  <http-policy:proxy name="{{{policyId}}}-custom-message-logging">
    <http-policy:source>
      <try>
        <!-- each -->{{#each configuration}}
        <!-- if -->{{#if beforeAPI}}
        <try>
          <!-- if -->{{#if conditional}}
          <choice>
            <when expression="{{{conditional}}}">
              <!-- if -->{{#if category}}
              <logger level="{{{level}}}" message="{{{message}}}" category="org.mule.runtime.logging.policy-{{{policyId}}}.{{{category}}}"/>
              <!-- else -->{{else}}
              <logger level="{{{level}}}" message="{{{message}}}" category="org.mule.runtime.logging.policy-{{{policyId}}}"/>
              <!-- /if -->{{/if}}
            </when>
          </choice>
          <!-- else -->{{else}}
          <!-- if -->{{#if category}}
          <logger level="{{{level}}}" message="{{{message}}}" category="org.mule.runtime.logging.policy-{{{policyId}}}.{{{category}}}"/>
          <!-- else -->{{else}}
          <logger level="{{{level}}}" message="{{{message}}}" category="org.mule.runtime.logging.policy-{{{policyId}}}"/>
          <!-- /if -->{{/if}}
          <!-- /if -->{{/if}}
          <error-handler>
            <on-error-continue>
              <logger level="DEBUG" message="Before calling API turned into an error" category="org.mule.runtime.logging.policy-{{{policyId}}}"/>
            </on-error-continue>
          </error-handler>
        </try>
        <!-- /if -->{{/if}}
        <!-- /each -->{{/each}}
        <http-policy:execute-next/>
        <!-- each -->{{#each configuration}}
        <!-- if -->{{#if afterAPI}}
        <try>
          <!-- if -->{{#if conditional}}
          <choice>
            <when expression="{{{conditional}}}">
              <!-- if -->{{#if category}}
              <logger level="{{{level}}}" message="{{{message}}}" category="org.mule.runtime.logging.policy-{{{policyId}}}.{{{category}}}"/>
              <!-- else -->{{else}}
              <logger level="{{{level}}}" message="{{{message}}}" category="org.mule.runtime.logging.policy-{{{policyId}}}"/>
              <!-- /if -->{{/if}}
            </when>
          </choice>
          <!-- else -->{{else}}
          <!-- if -->{{#if category}}
          <logger level="{{{level}}}" message="{{{message}}}" category="org.mule.runtime.logging.policy-{{{policyId}}}.{{{category}}}"/>
          <!-- else -->{{else}}
          <logger level="{{{level}}}" message="{{{message}}}" category="org.mule.runtime.logging.policy-{{{policyId}}}"/>
          <!-- /if -->{{/if}}
          <!-- /if -->{{/if}}
          <error-handler>
            <on-error-continue>
              <logger level="DEBUG" message="After calling API turned into an error" category="org.mule.runtime.logging.policy-{{{policyId}}}"/>
            </on-error-continue>
          </error-handler>
        </try>
        <!-- /if -->{{/if}}
        <!-- /each -->{{/each}}
        <error-handler>
          <on-error-propagate logException="false">
            <!-- each -->{{#each configuration}}
            <!-- if -->{{#if afterAPI}}
            <try>
              <!-- if -->{{#if conditional}}
              <choice>
                <when expression="{{{conditional}}}">
                  <!-- if -->{{#if category}}
                  <logger level="{{{level}}}" message="{{{message}}}" category="org.mule.runtime.logging.policy-{{{policyId}}}.{{{category}}}"/>
                  <!-- else -->{{else}}
                  <logger level="{{{level}}}" message="{{{message}}}" category="org.mule.runtime.logging.policy-{{{policyId}}}"/>
                  <!-- /if -->{{/if}}
                </when>
              </choice>
              <!-- else -->{{else}}
              <!-- if -->{{#if category}}
              <logger level="{{{level}}}" message="{{{message}}}" category="org.mule.runtime.logging.policy-{{{policyId}}}.{{{category}}}"/>
              <!-- /if -->{{/if}}
              <!-- /if -->{{/if}}
              <error-handler>
                <on-error-continue>
                  <logger level="DEBUG" message="Error Handler after calling API turned into an error" category="org.mule.runtime.logging.policy-{{{policyId}}}"/>
                </on-error-continue>
              </error-handler>
            </try>
            <!-- /if -->{{/if}}
            <!-- /each -->{{/each}}
          </on-error-propagate>
        </error-handler>
      </try>
    </http-policy:source>
  </http-policy:proxy>
</mule>
