{
   "definitions": {},
   "$schema": "http://json-schema.org/draft-07/schema#",
   "$id": "http://training.mulesoft.com/FlightCancelledEvent.schema.json",
   "type": "object",
   "title": "FlightCancelledEvent",
   "properties": {
     "pnr": {
       "$id": "#/properties/pnr",
       "type": "string",
       "examples": [
         "RW4TAB"
       ]
     },
     "lastNameOfPassenger": {
       "$id": "#/properties/lastNameOfPassenger",
       "type": "string",
       "examples": [
         "Smith"
       ]
     }
   },
   "required": ["pnr", "lastNameOfPassenger"]
}