<?xml version="1.0" encoding="UTF-8"?>
<!--
  #%L
  MuleSoft Training - Anypoint Platform Development: Level 2
  %%
  Copyright (C) 2019 - 2021 MuleSoft, Inc. All rights reserved. http://www.mulesoft.com
  %%
  The software in this package is published under the terms of the
  Creative Commons Attribution-NonCommercial-NoDerivatives 4.0 International Public License,
  a copy of which has been included with this distribution in the LICENSE.txt file.
  #L%
  -->
<mule xmlns="http://www.mulesoft.org/schema/mule/core" xmlns:ee="http://www.mulesoft.org/schema/mule/ee/core" xmlns:xsi="http://www.w3.org/2001/XMLSchema-instance" xsi:schemaLocation="  http://www.mulesoft.org/schema/mule/core http://www.mulesoft.org/schema/mule/core/current/mule.xsd  http://www.mulesoft.org/schema/mule/ee/core http://www.mulesoft.org/schema/mule/ee/core/current/mule-ee.xsd">
  <error-handler name="api-error-handler">
    <on-error-propagate type="APIKIT:BAD_REQUEST">
      <ee:transform>
        <ee:message>
          <ee:set-payload><![CDATA[%dw 2.0
            output application/json
            ---
            {message: "Bad request"}]]></ee:set-payload>
        </ee:message>
        <ee:variables>
          <ee:set-variable variableName="httpStatus">400</ee:set-variable>
        </ee:variables>
      </ee:transform>
    </on-error-propagate>
    <on-error-propagate type="APIKIT:NOT_FOUND">
      <ee:transform>
        <ee:message>
          <ee:set-payload><![CDATA[%dw 2.0
            output application/json
            ---
            {message: "Resource not found"}]]></ee:set-payload>
        </ee:message>
        <ee:variables>
          <ee:set-variable variableName="httpStatus">404</ee:set-variable>
        </ee:variables>
      </ee:transform>
    </on-error-propagate>
    <on-error-propagate type="APIKIT:METHOD_NOT_ALLOWED">
      <ee:transform>
        <ee:message>
          <ee:set-payload><![CDATA[%dw 2.0
            output application/json
            ---
            {message: "Method not allowed"}]]></ee:set-payload>
        </ee:message>
        <ee:variables>
          <ee:set-variable variableName="httpStatus">405</ee:set-variable>
        </ee:variables>
      </ee:transform>
    </on-error-propagate>
    <on-error-propagate type="APIKIT:NOT_ACCEPTABLE">
      <ee:transform>
        <ee:message>
          <ee:set-payload><![CDATA[%dw 2.0
            output application/json
            ---
            {message: "Not acceptable"}]]></ee:set-payload>
        </ee:message>
        <ee:variables>
          <ee:set-variable variableName="httpStatus">406</ee:set-variable>
        </ee:variables>
      </ee:transform>
    </on-error-propagate>
    <on-error-propagate type="APIKIT:UNSUPPORTED_MEDIA_TYPE">
      <ee:transform>
        <ee:message>
          <ee:set-payload><![CDATA[%dw 2.0
            output application/json
            ---
            {message: "Unsupported media type"}]]></ee:set-payload>
        </ee:message>
        <ee:variables>
          <ee:set-variable variableName="httpStatus">415</ee:set-variable>
        </ee:variables>
      </ee:transform>
    </on-error-propagate>
    <on-error-propagate type="APIKIT:NOT_IMPLEMENTED">
      <ee:transform>
        <ee:message>
          <ee:set-payload><![CDATA[%dw 2.0
            output application/json
            ---
            {message: "Not Implemented"}]]></ee:set-payload>
        </ee:message>
        <ee:variables>
          <ee:set-variable variableName="httpStatus">501</ee:set-variable>
        </ee:variables>
      </ee:transform>
    </on-error-propagate>
  </error-handler>
  <error-handler name="api-console-error-handler">
    <on-error-propagate type="APIKIT:NOT_FOUND">
      <ee:transform>
        <ee:message>
          <ee:set-payload><![CDATA[%dw 2.0
            output application/json
            ---
            {message: "Resource not found"}]]></ee:set-payload>
        </ee:message>
        <ee:variables>
          <ee:set-variable variableName="httpStatus">404</ee:set-variable>
        </ee:variables>
      </ee:transform>
    </on-error-propagate>
  </error-handler>
</mule>
