<?xml version="1.0" encoding="UTF-8"?>
<!--
  #%L
  MuleSoft Training - Anypoint Platform Development: Level 2
  %%
  Copyright (C) 2019 - 2023 MuleSoft, Inc. All rights reserved. http://www.mulesoft.com
  %%
  The software in this package is published under the terms of the
  Creative Commons Attribution-NonCommercial-NoDerivatives 4.0 International Public License,
  a copy of which has been included with this distribution in the LICENSE.txt file.
  #L%
  -->
<catalogs xmlns="http://www.mulesoft.org/schema/mule/types">
  <catalog name="error" format="application/json">
    <schema format="application/json+schema" location="./error-type.json"/>
  </catalog>
  <catalog name="method" format="application/json">
    <schema format="application/json+schema" location="./method-type.json"/>
  </catalog>
  <catalog name="map" format="application/json">
    <schema format="application/json+schema" location="./map-type.json"/>
  </catalog>
</catalogs>
