<?xml version="1.0" encoding="UTF-8"?>
<!--
  #%L
  MuleSoft Training - Anypoint Platform Development: Level 2
  %%
  Copyright (C) 2019 - 2021 MuleSoft, Inc. All rights reserved. http://www.mulesoft.com
  %%
  The software in this package is published under the terms of the
  Creative Commons Attribution-NonCommercial-NoDerivatives 4.0 International Public License,
  a copy of which has been included with this distribution in the LICENSE.txt file.
  #L%
  -->
<Configuration>
  <!--These are some of the loggers you can enable. 
        There are several more you can find in the documentation. 
        Besides this log4j configuration, you can also use Java VM environment variables
        to enable other logs like network (-Djavax.net.debug=ssl or all) and 
        Garbage Collector (-XX:+PrintGC). These will be append to the console, so you will 
        see them in the mule_ee.log file. -->
  <Appenders>
    <RollingFile name="file" fileName="${sys:mule.home}${sys:file.separator}logs${sys:file.separator}check-in-papi.log" filePattern="${sys:mule.home}${sys:file.separator}logs${sys:file.separator}check-in-papi-%i.log">
      <PatternLayout pattern="%-5p %d [%t] [event: %X{correlationId}] %c: %m%n"/>
      <SizeBasedTriggeringPolicy size="10 MB"/>
      <DefaultRolloverStrategy max="10"/>
    </RollingFile>
  </Appenders>
  <Loggers>
    <!-- Http Logger shows wire traffic on DEBUG. -->
    <!--AsyncLogger name="org.mule.service.http.impl.service.HttpMessageLogger" level="DEBUG" /-->
    <AsyncLogger name="org.mule.service.http" level="WARN"/>
    <AsyncLogger name="org.mule.extension.http" level="WARN"/>
    <!-- Mule logger -->
    <AsyncLogger name="org.mule.runtime.core.internal.processor.LoggerMessageProcessor" level="INFO"/>
    <AsyncRoot level="INFO">
      <AppenderRef ref="file"/>
    </AsyncRoot>
  </Loggers>
</Configuration>
