<?xml version="1.0" encoding="UTF-8"?>
<!--
  #%L
  MuleSoft Training - Anypoint Platform Development: Level 2
  %%
  Copyright (C) 2019 - 2023 MuleSoft, Inc. All rights reserved. http://www.mulesoft.com
  %%
  The software in this package is published under the terms of the
  Creative Commons Attribution-NonCommercial-NoDerivatives 4.0 International Public License,
  a copy of which has been included with this distribution in the LICENSE.txt file.
  #L%
  -->
<mule xmlns="http://www.mulesoft.org/schema/mule/core" xmlns:core="http://www.mulesoft.org/schema/mule/core" xmlns:http="http://www.mulesoft.org/schema/mule/http" xmlns:email="http://www.mulesoft.org/schema/mule/email" xmlns:vm="http://www.mulesoft.org/schema/mule/vm" xmlns:ee="http://www.mulesoft.org/schema/mule/ee/core" xmlns:anypoint-mq="http://www.mulesoft.org/schema/mule/anypoint-mq" xmlns:secure-properties="http://www.mulesoft.org/schema/mule/secure-properties" xmlns:doc="http://www.mulesoft.org/schema/mule/documentation" xmlns:xsi="http://www.w3.org/2001/XMLSchema-instance" xsi:schemaLocation="  http://www.mulesoft.org/schema/mule/http http://www.mulesoft.org/schema/mule/http/current/mule-http.xsd   http://www.mulesoft.org/schema/mule/core http://www.mulesoft.org/schema/mule/core/current/mule.xsd  http://www.mulesoft.org/schema/mule/secure-properties http://www.mulesoft.org/schema/mule/secure-properties/current/mule-secure-properties.xsd    http://www.mulesoft.org/schema/mule/anypoint-mq http://www.mulesoft.org/schema/mule/anypoint-mq/current/mule-anypoint-mq.xsd  http://www.mulesoft.org/schema/mule/ee/core http://www.mulesoft.org/schema/mule/ee/core/current/mule-ee.xsd  http://www.mulesoft.org/schema/mule/vm http://www.mulesoft.org/schema/mule/vm/current/mule-vm.xsd  http://www.mulesoft.org/schema/mule/email http://www.mulesoft.org/schema/mule/email/current/mule-email.xsd">
  <!-- ... -->
  <global-property name="env" value="dev" doc:name="Default env to dev"/>
  <!-- 1st def of a property is preserved, so env-dependent takes priority over env-independent -->
  <configuration-properties file="${env}-properties.yaml" doc:name="Env Config Props"/>
  <secure-properties:config file="${env}-secure-properties.yaml" key="${encrypt.key}" name="secureEnvPropsConfig" doc:name="Secure Env Config Props">
    <secure-properties:encrypt algorithm="Blowfish"/>
  </secure-properties:config>
  <configuration-properties file="properties.yaml" doc:name="Config Props"/>
  <http:listener-config name="apiHttpListenerConfig">
    <http:listener-connection host="0.0.0.0" protocol="HTTP" port="${http.port}"/>
  </http:listener-config>
  <anypoint-mq:config name="amqConfig" doc:name="Anypoint MQ Config">
    <anypoint-mq:connection clientId="${secure::anypoint.mq.client_id}" clientSecret="${secure::anypoint.mq.client_secret}" url="${anypoint.mq.url}"/>
  </anypoint-mq:config>
  <anypoint-mq:circuit-breaker name="vmConnectCircuitBreaker" onErrorTypes="VM:CONNECTIVITY, VM:QUEUE_TIMEOUT" errorsThreshold="${anypoint.mq.circuitbreaker.threshold}" tripTimeout="${anypoint.mq.circuitbreaker.trip.timeout}" tripTimeoutUnit="SECONDS"/>
  <vm:config name="mobileAppNetworkVMConfig" doc:name="VM Config">
    <expiration-policy timeUnit="SECONDS" maxIdleTime="${vm.expiration}"/>
    <vm:queues>
      <vm:queue queueName="${vm.queue}"/>
    </vm:queues>
  </vm:config>
  <email:smtp-config name="emailSMTPConfig" doc:name="Email SMTP">
    <email:smtp-connection host="anyairline.smtp.net" user="${secure::anyairline.user}" password="${secure::anyairline.password}"/>
  </email:smtp-config>
</mule>
