<?xml version="1.0" encoding="UTF-8"?>
<!--
  #%L
  MuleSoft Training - Anypoint Platform Development: Level 2
  %%
  Copyright (C) 2019 - 2023 MuleSoft, Inc. All rights reserved. http://www.mulesoft.com
  %%
  The software in this package is published under the terms of the
  Creative Commons Attribution-NonCommercial-NoDerivatives 4.0 International Public License,
  a copy of which has been included with this distribution in the LICENSE.txt file.
  #L%
  -->
<mule xmlns="http://www.mulesoft.org/schema/mule/core" xmlns:tls="http://www.mulesoft.org/schema/mule/tls" xmlns:validation="http://www.mulesoft.org/schema/mule/validation" xmlns:os="http://www.mulesoft.org/schema/mule/os" xmlns:ee="http://www.mulesoft.org/schema/mule/ee/core" xmlns:doc="http://www.mulesoft.org/schema/mule/documentation" xmlns:apikit="http://www.mulesoft.org/schema/mule/mule-apikit" xmlns:http="http://www.mulesoft.org/schema/mule/http" xmlns:xsi="http://www.w3.org/2001/XMLSchema-instance" xsi:schemaLocation="  http://www.mulesoft.org/schema/mule/core http://www.mulesoft.org/schema/mule/core/current/mule.xsd  http://www.mulesoft.org/schema/mule/http http://www.mulesoft.org/schema/mule/http/current/mule-http.xsd  http://www.mulesoft.org/schema/mule/mule-apikit http://www.mulesoft.org/schema/mule/mule-apikit/current/mule-apikit.xsd  http://www.mulesoft.org/schema/mule/ee/core http://www.mulesoft.org/schema/mule/ee/core/current/mule-ee.xsd  http://www.mulesoft.org/schema/mule/os http://www.mulesoft.org/schema/mule/os/current/mule-os.xsd  http://www.mulesoft.org/schema/mule/validation http://www.mulesoft.org/schema/mule/validation/current/mule-validation.xsd">
  <error-handler name="api-error-handler">
    <on-error-propagate type="APIKIT:BAD_REQUEST">
      <ee:transform doc:name="Build Bad submission response">
        <ee:message>
          <ee:set-payload><![CDATA[%dw 2.0
            output text/plain
            ---
            "Bad submission form. Check all required headers and data are posted correctly."]]></ee:set-payload>
        </ee:message>
        <ee:variables>
          <ee:set-variable variableName="httpStatus"><![CDATA[400]]></ee:set-variable>
        </ee:variables>
      </ee:transform>
    </on-error-propagate>
    <on-error-propagate type="APIKIT:NOT_FOUND">
      <ee:transform doc:name="Build Resource not found response">
        <ee:message>
          <ee:set-payload><![CDATA[%dw 2.0
            output application/json
            ---
            {message: "Resource not found"}]]></ee:set-payload>
        </ee:message>
        <ee:variables>
          <ee:set-variable variableName="httpStatus">404</ee:set-variable>
        </ee:variables>
      </ee:transform>
    </on-error-propagate>
    <on-error-propagate type="APIKIT:METHOD_NOT_ALLOWED">
      <ee:transform doc:name="Build Method Not Allowed response">
        <ee:message>
          <ee:set-payload><![CDATA[%dw 2.0
            output application/json
            ---
            {message: "Method not allowed"}]]></ee:set-payload>
        </ee:message>
        <ee:variables>
          <ee:set-variable variableName="httpStatus">405</ee:set-variable>
        </ee:variables>
      </ee:transform>
    </on-error-propagate>
    <on-error-propagate type="APIKIT:NOT_ACCEPTABLE">
      <ee:transform doc:name="Build Not Acceptable response">
        <ee:message>
          <ee:set-payload><![CDATA[%dw 2.0
            output application/json
            ---
            {message: "Not acceptable"}]]></ee:set-payload>
        </ee:message>
        <ee:variables>
          <ee:set-variable variableName="httpStatus">406</ee:set-variable>
        </ee:variables>
      </ee:transform>
    </on-error-propagate>
    <on-error-propagate type="APIKIT:UNSUPPORTED_MEDIA_TYPE">
      <ee:transform doc:name="Build Unsupported Media Type response">
        <ee:message>
          <ee:set-payload><![CDATA[%dw 2.0
            output application/json
            ---
            {message: "Unsupported media type"}]]></ee:set-payload>
        </ee:message>
        <ee:variables>
          <ee:set-variable variableName="httpStatus">415</ee:set-variable>
        </ee:variables>
      </ee:transform>
    </on-error-propagate>
    <on-error-propagate type="APIKIT:NOT_IMPLEMENTED">
      <ee:transform doc:name="Build Not Implemented response">
        <ee:message>
          <ee:set-payload><![CDATA[%dw 2.0
            output application/json
            ---
            {message: "Not Implemented"}]]></ee:set-payload>
        </ee:message>
        <ee:variables>
          <ee:set-variable variableName="httpStatus">501</ee:set-variable>
        </ee:variables>
      </ee:transform>
    </on-error-propagate>
    <on-error-continue>
      <ee:transform>
        <ee:message>
          <ee:set-payload><![CDATA[%dw 2.0
            output application/json
            ---
            {message: "Server error"}]]></ee:set-payload>
        </ee:message>
        <ee:variables>
          <ee:set-variable variableName="httpStatus">500</ee:set-variable>
        </ee:variables>
      </ee:transform>
    </on-error-continue>
  </error-handler>
  <error-handler name="api-console-error-handler">
    <on-error-propagate type="APIKIT:NOT_FOUND">
      <ee:transform doc:name="Build Not Found response">
        <ee:message>
          <ee:set-payload><![CDATA[%dw 2.0
            output application/json
            ---
            {message: "Resource not found"}]]></ee:set-payload>
        </ee:message>
        <ee:variables>
          <ee:set-variable variableName="httpStatus">404</ee:set-variable>
        </ee:variables>
      </ee:transform>
    </on-error-propagate>
  </error-handler>
  <error-handler name="payments-error-handler">
    <on-error-continue type="APP:INVALID_TOKEN">
      <set-variable variableName="httpStatus" value="401" doc:name="httpStatus"/>
      <set-payload value="Invalid token." doc:name="Invalid Token"/>
    </on-error-continue>
    <on-error-continue type="APP:INVALID_PAYMENTID">
      <set-variable variableName="httpStatus" value="400" doc:name="httpStatus"/>
      <set-payload value="Invalid Payment ID." doc:name="Invalid Payment ID"/>
    </on-error-continue>
    <on-error-continue type="APP:INVALID_PAYERID">
      <set-variable variableName="httpStatus" value="400" doc:name="httpStatus"/>
      <set-payload value="Invalid Payer ID." doc:name="Invalid Payer ID."/>
    </on-error-continue>
    <on-error-continue>
      <set-variable variableName="httpStatus" value="500" doc:name="httpStatus"/>
      <set-payload value="#['Something went wrong...: ' ++ error.description]" doc:name="Unkown Error"/>
    </on-error-continue>
  </error-handler>
</mule>
