<?xml version="1.0" encoding="UTF-8"?>
<!--
  #%L
  MuleSoft Training - Anypoint Platform Development: Level 2
  %%
  Copyright (C) 2019 - 2023 MuleSoft, Inc. All rights reserved. http://www.mulesoft.com
  %%
  The software in this package is published under the terms of the
  Creative Commons Attribution-NonCommercial-NoDerivatives 4.0 International Public License,
  a copy of which has been included with this distribution in the LICENSE.txt file.
  #L%
  -->
<mule xmlns="http://www.mulesoft.org/schema/mule/core" xmlns:ee="http://www.mulesoft.org/schema/mule/ee/core" xmlns:apikit="http://www.mulesoft.org/schema/mule/mule-apikit" xmlns:http="http://www.mulesoft.org/schema/mule/http" xmlns:xsi="http://www.w3.org/2001/XMLSchema-instance" xmlns:doc="http://www.mulesoft.org/schema/mule/documentation" xsi:schemaLocation="  http://www.mulesoft.org/schema/mule/core http://www.mulesoft.org/schema/mule/core/current/mule.xsd   http://www.mulesoft.org/schema/mule/http http://www.mulesoft.org/schema/mule/http/current/mule-http.xsd   http://www.mulesoft.org/schema/mule/mule-apikit http://www.mulesoft.org/schema/mule/mule-apikit/current/mule-apikit.xsd  ">
  <import file="error-common.xml" doc:name="Import error-common.xml"/>
  <error-handler name="api-implementation">
    <on-error-propagate enableNotifications="true" logException="true" doc:name="On Error Propagate" type="HTTP:BAD_REQUEST, HTTP:NOT_FOUND">
      <logger level="ERROR" message="Invalid input parameters or bad data uploaded"/>
      <set-payload value="#[error.muleMessage.payload]" doc:name="Forward error message"/>
      <set-variable value="#[error.muleMessage.attributes.statusCode]" doc:name="httpStatus" variableName="httpStatus"/>
    </on-error-propagate>
    <on-error-propagate enableNotifications="true" logException="true" doc:name="On Error Propagate" type="APP:CHECKIN-PAPI-FAILURE">
      <logger level="ERROR" doc:name="EXCEPTION" message="HTTP error accessing CheckIn PAPI"/>
      <set-payload value="#[output application/json --- {message: 'HTTP error retrieving data from Check In PAPI'}]" doc:name="error"/>
      <set-variable value="500" doc:name="httpStatus" variableName="httpStatus"/>
    </on-error-propagate>
  </error-handler>
</mule>
