<?xml version="1.0" encoding="UTF-8"?>
<!--
  #%L
  MuleSoft Training - Anypoint Platform Development: Level 2
  %%
  Copyright (C) 2019 - 2021 MuleSoft, Inc. All rights reserved. http://www.mulesoft.com
  %%
  The software in this package is published under the terms of the
  Creative Commons Attribution-NonCommercial-NoDerivatives 4.0 International Public License,
  a copy of which has been included with this distribution in the LICENSE.txt file.
  #L%
  -->
<mule xmlns="http://www.mulesoft.org/schema/mule/core" xmlns:api-gateway="http://www.mulesoft.org/schema/mule/api-gateway" xmlns:apikit="http://www.mulesoft.org/schema/mule/mule-apikit" xmlns:doc="http://www.mulesoft.org/schema/mule/documentation" xmlns:http="http://www.mulesoft.org/schema/mule/http" xmlns:tls="http://www.mulesoft.org/schema/mule/tls" xmlns:ee="http://www.mulesoft.org/schema/mule/ee/core" xmlns:xsi="http://www.w3.org/2001/XMLSchema-instance" xsi:schemaLocation="  http://www.mulesoft.org/schema/mule/core http://www.mulesoft.org/schema/mule/core/current/mule.xsd  http://www.mulesoft.org/schema/mule/http http://www.mulesoft.org/schema/mule/http/current/mule-http.xsd  http://www.mulesoft.org/schema/mule/mule-apikit http://www.mulesoft.org/schema/mule/mule-apikit/current/mule-apikit.xsd  http://www.mulesoft.org/schema/mule/tls http://www.mulesoft.org/schema/mule/tls/current/mule-tls.xsd  http://www.mulesoft.org/schema/mule/api-gateway http://www.mulesoft.org/schema/mule/api-gateway/current/mule-api-gateway.xsd  http://www.mulesoft.org/schema/mule/ee/core http://www.mulesoft.org/schema/mule/ee/core/current/mule-ee.xsd">
  <configuration-properties file="properties.yaml" doc:name="Config Props"/>
  <tls:context name="apiTLSContext" doc:name="TLS Context">
    <tls:key-store type="pkcs12" path="check-in-papi.p12" password="mule12345" keyPassword="mule12345" alias="server"/>
  </tls:context>
  <http:listener-config name="apiHttpListenerConfig">
    <http:listener-connection host="0.0.0.0" protocol="HTTPS" port="8081" tlsContext="apiTLSContext"/>
  </http:listener-config>
  <apikit:config name="apiConfig" api="${api.spec}" outboundHeadersMapName="outboundHeaders" httpStatusVarName="httpStatus" doc:name="APIKit Config"/>
  <api-gateway:autodiscovery apiId="15678353" flowRef="api-main" doc:name="API Autodiscovery"/>
</mule>
